{"cameraMode":{"drawMode":0,"name":"Shaded","section":"Shading Mode"},"sceneLighting":true,"audioPlay":false,"sceneViewState":{"m_AlwaysRefresh":false,"showFog":true,"showSkybox":true,"showFlares":true,"showImageEffects":true,"showParticleSystems":true,"showVisualEffectGraphs":true,"m_FxEnabled":true},"in2DMode":false,"pivot":{"x":186.33648681640626,"y":41.428287506103519,"z":-22.44220733642578},"rotation":{"x":-0.04789980873465538,"y":0.05839947611093521,"z":0.0028058032039552929,"w":0.9971451163291931},"size":139.86138916015626,"orthographic":true}