{"cameraMode":{"drawMode":0,"name":"Shaded","section":"Shading Mode"},"sceneLighting":true,"audioPlay":false,"sceneViewState":{"showFog":true,"showMaterialUpdate":false,"showSkybox":true,"showFlares":true,"showImageEffects":true,"showParticleSystems":true,"showVisualEffectGraphs":true,"m_FxEnabled":true},"in2DMode":false,"pivot":{"x":134.49468994140626,"y":14.044858932495118,"z":10.467514038085938},"rotation":{"x":-0.04789980873465538,"y":0.05839947611093521,"z":0.0028058032039552929,"w":0.9971451163291931},"size":202.60342407226563,"orthographic":true}