{"cameraMode":{"drawMode":0,"name":"Shaded","section":"Shading Mode"},"sceneLighting":true,"audioPlay":false,"sceneViewState":{"m_AlwaysRefresh":false,"showFog":true,"showSkybox":true,"showFlares":true,"showImageEffects":true,"showParticleSystems":true,"showVisualEffectGraphs":true,"m_FxEnabled":true},"in2DMode":false,"pivot":{"x":0.48795223236083987,"y":14.564285278320313,"z":-9.752735137939454},"rotation":{"x":0.19007538259029389,"y":0.4333614706993103,"z":-0.09472683817148209,"w":0.8763231635093689},"size":14.447783470153809,"orthographic":true}