{"cameraMode":{"drawMode":0,"name":"Shaded","section":"Shading Mode"},"sceneLighting":true,"audioPlay":false,"sceneViewState":{"m_AlwaysRefresh":false,"showFog":true,"showSkybox":true,"showFlares":true,"showImageEffects":true,"showParticleSystems":true,"showVisualEffectGraphs":true,"m_FxEnabled":true},"in2DMode":false,"pivot":{"x":-0.6246176362037659,"y":-0.03328319638967514,"z":0.010298140347003937},"rotation":{"x":-0.09624600410461426,"y":-0.830963671207428,"z":0.15206708014011384,"w":-0.5268616676330566},"size":6.266026496887207,"orthographic":false}