{"cameraMode":{"drawMode":0,"name":"Shaded","section":"Shading Mode"},"sceneLighting":true,"audioPlay":false,"sceneViewState":{"m_AlwaysRefresh":false,"showFog":true,"showSkybox":true,"showFlares":true,"showImageEffects":true,"showParticleSystems":true,"showVisualEffectGraphs":true,"m_FxEnabled":true},"in2DMode":false,"pivot":{"x":13.89957046508789,"y":12.277727127075196,"z":-23.23871612548828},"rotation":{"x":0.03630649670958519,"y":0.4038389325141907,"z":-0.01659271866083145,"w":0.9144211411476135},"size":17.957717895507814,"orthographic":true}